,Username,Tweet,Date,Number of Retweets,Number of Likes,Number of Followers
0,GettyMuseum,"How our ancient art conservator experimented with natural dyes to learn more about ancient life from home:

https://t.co/Tt9CNjlHOU",2020-06-25 20:05:36,14,50,1347456
1,GettyMuseum,"@JimpyJimp Gemstones could be held in place by the rim of the bezel or mount, or with an organic adhesive like bitumen or resin, and sometimes both!",2020-06-24 21:12:34,1,1,1347456
2,GettyMuseum,"LISTEN: A conversation with @vhansenyear1000 about the insights into the trade, migrations, and consolidations of power that transformed the premodern world

https://t.co/rp5kbmh6Ut",2020-06-24 20:16:52,9,24,1347456
3,GettyMuseum,Learn how Getty Villa's provenance researchers are tracking down ushabtis to understand their dispersal here: https://t.co/EU8tsDcwEq https://t.co/IPhBWuephP,2020-06-24 16:59:57,8,26,1347456
4,GettyMuseum,"Neferibresaneith's tomb held a total of 336 ushabtis, each inscribed with his name, which are now found in museums and collections all over the world. One of the 336 is located at @metmuseum. https://t.co/G0UGwJB8Bd https://t.co/fS5OOxF7c9",2020-06-24 16:59:06,6,29,1347456
5,GettyMuseum,The Getty Villa‚Äôs ancient Egyptian ushabti (funerary figure) was excavated in 1928‚Äì29 by archaeologist Cecil Firth from the tomb of a man named Neferibresaneith at Saqqara. https://t.co/MP7IQBUc8y #ConnectingCollections https://t.co/n1eOj9QK7d,2020-06-24 16:57:56,16,75,1347456
6,GettyMuseum,"House, Bel Air, Los Angeles, California, 1972, Julius Shulman. Architect Dean Johnson. The Getty Research Institute

View more from this collection: https://t.co/Fq3QZMURkd https://t.co/8gubHlMaA8",2020-06-23 23:41:14,1,16,1347456
7,GettyMuseum,"Colony Park, Westlake Village, California, 1967, Julius Shulman. Architect Robert Jones. The Getty Research Institute

View more from this collection: https://t.co/vmAyV3TnFh https://t.co/AYI8Swnltp",2020-06-23 23:41:14,2,21,1347456
8,GettyMuseum,"Leisure Village, Camarillo, California, 1978, Julius Shulman. The Getty Research Institute.

View more from this collection: https://t.co/G2wPItZOlc https://t.co/de0QbG32ie",2020-06-23 23:41:13,0,2,1347456
9,GettyMuseum,"Furgatch House, San Diego, California, 1970, Julius Shulman. The Getty Research Institute.

View more from this collection: https://t.co/uJZfJEoDIj https://t.co/DTNBBnKmeV",2020-06-23 23:41:12,0,5,1347456
10,GettyMuseum,"These photographs represent the work of designers, some known and others unknown, as well as incremental alterations by occupants and owners, at the moment of the rise of postmodernism in architecture and design.

More on Julius Shulman's photographs:

https://t.co/BD2bewHAuc",2020-06-23 23:41:11,0,4,1347456
11,GettyMuseum,"These interior designs turned away from the austerity of mid-century modernism and toward a renewed embrace of bold colors, graphic patterns, and excessive ornamentation.

Is this where the trends are heading again?",2020-06-23 23:41:11,0,2,1347456
12,GettyMuseum,"We are living for these retro interiors photographed by Julius Shulman in the late 1960s through the early 1980s. Add these as Zoom backgrounds, pin to your home renovation mood board, or daydream about your toes in that shag carpeting. https://t.co/L9E98iTEpQ",2020-06-23 23:41:10,10,67,1347456
13,GettyMuseum,"Photographs by Julius Shulman capture 1970s domestic aesthetics at the moment of the rise of postmodernism in architecture and design.

https://t.co/BD2bewHAuc",2020-06-23 20:23:26,7,31,1347456
14,GettyMuseum,"Would you wear this?

In ancient Rome, rings depicting gods and goddesses might offer divine protection.

Minerva was particularly popular on rings‚Äîshe was known as a protectress of heroes and associated with war and wisdom. https://t.co/XIw7QhOZtr https://t.co/0ReRZbWOvF",2020-06-22 17:10:49,70,327,1347456
15,GettyMuseum,We're working on a few conservation stories. What do you want to hear about first?,2020-06-21 19:49:54,5,8,1347456
16,GettyMuseum,"Happy Summer Solstice! üåû
Today is the first day of summer and the longest day of the year in the northern hemisphere. This bronze relief of the Etruscan sun god, Usil, shows him with his wings outstretched‚Äîready for the long day‚Äôs journey through the sky. https://t.co/CEIUhP5mRB https://t.co/DHeHXineFN",2020-06-20 19:10:04,66,214,1347456
17,GettyMuseum,"Mirella Bentivoglio complemented Marta‚Äôs poem with the collage of a quetzal standing like a trophy on a bundle of banknotes. The encounter is painful: the feathers of the bird shed, like tears, and the bird flies away. #FromTheCollection #ArtAtHome https://t.co/VvmdhTnhP1",2020-06-20 17:34:12,5,21,1347456
18,GettyMuseum,"Violence inflicted on the Maya peoples are juxtaposed with the colors and values of the banknotes, signifying the prices paid for such exchanges. https://t.co/sUa4FizFq1",2020-06-20 17:34:10,3,11,1347456
19,GettyMuseum,"Alarmed by genocidal acts in villages across the country in the late 1980s, Marta Knobloch recorded these crimes, often ignored, in the poem ‚ÄúMediums of Exchange.‚Äù https://t.co/oJ8osu3Of4",2020-06-20 17:34:09,2,3,1347456
20,GettyMuseum,"The book‚Äôs name comes from the tropical quetzal bird. Native to Central America and known for its brilliant green and red feathers, this bird is an important national symbol of Guatemala. https://t.co/7rD8pHXR2V",2020-06-20 17:34:09,3,6,1347456
21,GettyMuseum,"Quetzal, by Mirella Bentivoglio and Marta Knobloch, is an artist‚Äôs book that denounces the plight of indigenous people in 1980s Guatemala. https://t.co/JRrCs7n0CN",2020-06-20 17:34:07,12,50,1347456
22,GettyMuseum,"Venezuelan liberator Sim√≥n Bol√≠var and German scientist Alexander von Humboldt both ‚Äúclimbed‚Äù Chimborazo, one of the world‚Äôs tallest volcanoes.

Learn how they established Mount Chimborazo as a symbol of Latin American independence:
https://t.co/6vaZLBC9nE",2020-06-18 21:03:19,27,72,1347456
23,GettyMuseum,"Artist relief fund created by CCF and Getty with additional contributions from the Mike Kelley Foundation for the Arts, the Sam Francis Foundation, and the Shepard and Amanda Fairey Foundation.",2020-06-17 18:35:37,2,15,1347456
24,GettyMuseum,"400 artists and 80 arts organizations received $2.7 million in total grants as a part of Getty's COVID-19 relief effort to support visual arts in the Los Angeles region. Full announcement:

https://t.co/i86ooqwlfj",2020-06-17 16:09:57,15,80,1347456
25,GettyMuseum,Learn to make a paper crown inspired by the coronation crown‚Äîa symbol of honor and regal status often bestowed as part of the coronation of a European king or queen. https://t.co/N6WponG31d https://t.co/BeoPCQm5Sw,2020-06-16 21:30:13,9,62,1347456
26,GettyMuseum,A paper crown-making DIY to make your loved ones feel like royalty. Step by step here: https://t.co/oQUJefTLfl https://t.co/i2GoDRXXIs,2020-06-16 20:42:10,11,51,1347456
27,GettyMuseum,"Following an artwork from its creation until today can take researchers on a winding journey. The stories of four Getty objects and the discoveries made about their former owners:

https://t.co/cqYlRJynzq",2020-06-16 00:46:35,13,54,1347456
28,GettyMuseum,@Elsaugo1 Hi! We love this re-creation and would like to talk to you about possibly including it in an upcoming Getty project. Please send us an email at offthewalls@getty.edu,2020-06-15 16:20:13,0,0,1347456
29,GettyMuseum,@HazeleyArt Wow!,2020-06-15 16:17:02,0,1,1347456
30,GettyMuseum,"Carbonized bread from a bakery in Pompeii on the left, modern re-creation of Roman loaves on the right.

Bread was an essential daily food to the Romans. How to make bread the ancient way: https://t.co/HlvPQ08c1G https://t.co/G7iQbUkCn9",2020-06-13 22:54:30,236,780,1347456
31,GettyMuseum,View Tomoko Sawada‚Äôs ‚ÄúOMIAI‚Äù series here: https://t.co/6tPCJqViID https://t.co/fJwXo83XwX,2020-06-11 20:11:32,6,17,1347456
32,GettyMuseum,"Did you tell the photographer how you wanted it done?

Sawada: ‚ÄúI told him I was an artist and wanted to make photographs with him. I told him to think that each weekend new girls would show up to make the OMIAI. I didn‚Äôt want him to think of me as the same girl...‚Äù https://t.co/cFeZcdS945",2020-06-11 20:11:32,3,16,1347456
33,GettyMuseum,Sawada: ‚ÄúEvery weekend I went to the hair salon and put on a kimono. Then I went to the photo studio on the street in Japan. I would take a picture and then change my clothes to western dress. Then I would go to the studio again the next weekend.‚Äù https://t.co/kjYcxW9R6a,2020-06-11 20:11:32,1,5,1347456
34,GettyMuseum,"What was the process of making that work?

Sawada: ‚ÄúI gained 10 pounds before I started taking the pictures, and in six months I lost 40 pounds because I wanted to look different in each photo. I wanted to change the way my legs looked.‚Äù https://t.co/MEs56MBLoc",2020-06-11 20:11:31,1,5,1347456
35,GettyMuseum,"Sawada: ‚ÄúIf both sides are interested, they can meet for lunch or dinner accompanied by their parents and steps for marriage proceed from there. In the old days, some people chose their marriage partner just through photographs, without even meeting each other.‚Äù https://t.co/YVeTa2CD3x",2020-06-11 20:11:31,0,4,1347456
36,GettyMuseum,"Tell us about OMIAI, the series that represents a traditional Japanese matchmaking technique.

Sawada: ‚ÄúOMIAI is a tradition that is somehow still working today. Usually, there is a matchmaker and photographs are exchanged before the meeting.‚Äù https://t.co/lFn9GF281Y",2020-06-11 20:11:31,0,4,1347456
37,GettyMuseum,"What themes are you exploring in your work?

Sawada: ‚ÄúI‚Äôm interested in the relationship between inside and outside. If you wear a sexy dress or if you wear kids‚Äô clothes or casual clothes, people treat you differently. Even though you are you no matter what you wear...‚Äù https://t.co/bcNgIscQdr",2020-06-11 20:11:30,2,4,1347456
38,GettyMuseum,"When did you start photographing yourself?

Sawada: ‚ÄúI began making self-portraits when I was 19... I can‚Äôt even explain in Japanese why I liked them so much. It was instinctual. It‚Äôs as if I knew that this was going to be my style, that this is what I wanted to do."" https://t.co/7DBm2mImpx",2020-06-11 20:11:30,0,4,1347456
39,GettyMuseum,"In the series ‚ÄúOMIAI‚ô°,‚Äù photographer Tomoko Sawada transformed into 30 different women with the help of costumes, wigs, props, makeup, and weight gain. Here‚Äôs a chat we had with her: https://t.co/7ks390EV5o",2020-06-11 20:11:30,17,53,1347456
40,GettyMuseum,"In the 1970s this artwork was seen as so provocative, it triggered the shutdown of an art studio:

https://t.co/3cGp3GauNa",2020-06-11 17:03:08,6,26,1347456
41,GettyMuseum,We're working on a story about nature and photography for next week. Anything you're curious to know?,2020-06-10 18:50:03,10,49,1347456
42,GettyMuseum,"Want to learn more? üé®

Dive into Alan's story about enhancing visitors' gallery experience through wall color: https://t.co/TCPocccqW3 

#AskGetty",2020-06-10 16:22:49,3,9,1347456
43,GettyMuseum,"The ""Michelangelo"" exhibition had different goals. 

Michelangelo's drawings are delicate and needed to be shown in low light. To create an intimate experience, we chose dark wall colors that matched the chalk, paper, and gold frames of the drawings. https://t.co/WEW3djgEuu",2020-06-10 16:19:20,8,43,1347456
44,GettyMuseum,"For the exhibition ""Power and Pathos"" (2015), we chose blues that would make visitors feel as if they were viewing the bronze sculptures outdoors and in broad daylight. Almost like they were outside in a garden, since this was their original viewing setting. https://t.co/2mGjCOQFYr",2020-06-10 16:18:26,5,24,1347456
45,GettyMuseum,"We recently repainted a few galleries in the West Pavilion. We chose a Victorian Red, because the artworks in the gallery were meant to be displayed in such a setting. https://t.co/rQaGwSB6Tg",2020-06-10 16:17:15,1,7,1347456
46,GettyMuseum,"Here's how we do it.

Designers and curators choose wall colors to meet the goals of each project.

The goal may be to evoke a specific period or mood, but always in ways that complement the art in the gallery. Here are a few examples. https://t.co/ssrG5UBt9Q",2020-06-10 16:16:02,2,9,1347456
47,GettyMuseum,"No time to watch? 

That's okay, just follow this thread below üôÇ",2020-06-10 16:15:30,2,2,1347456
48,GettyMuseum,"You asked, ""How do you decide on the wall painting for each gallery?""

Getty designer Alan Konishi explains the process of choosing wall colors and how these enhance the gallery experience.

https://t.co/8FafEWGZMv

What do *you* want to know? Ask us and we'll find out! #AskGetty",2020-06-10 16:15:00,14,42,1347456
49,GettyMuseum,"AERO 370, 1987, Tadao Takano. The J. Paul Getty Museum, Gift of Linda Blackwell Bentley. ¬©2017 Linda Blackwell Bentley. All rights reserved

FISH 4100, 1989, Tadao Takano. The J. Paul Getty Museum, Gift of Linda Blackwell Bentley ¬©2017 Linda Blackwell Bentley. All rights reserved",2020-06-09 21:16:39,1,10,1347456
50,GettyMuseum,"On artist Tadao Takano's 1980s experiments with robots, photographic paper, and light:

https://t.co/N3arTqlqcf",2020-06-09 21:16:39,4,20,1347456
51,GettyMuseum,"Tadao Takano was making digital art nearly 20 years before it became mainstream. Behold, the cybergram. https://t.co/Ca5cLO1vrw",2020-06-09 21:16:38,22,80,1347456
52,GettyMuseum,@muanoraps Hi! We love your re-creation and would like to talk to you about possibly including it in an upcoming Getty project. Please send us an email at offthewalls@getty.edu,2020-06-09 21:07:06,0,1,1347456
53,GettyMuseum,@CharissaAfshar Hi! We love your re-creation and would like to talk to you about possibly including it in an upcoming Getty project. Please send us an email at offthewalls@getty.edu,2020-06-09 20:37:46,0,0,1347456
54,GettyMuseum,"This #PrideMonth , we're sharing artworks that bring to life the meanings behind the colors in the rainbow Pride flag üè≥Ô∏è‚Äçüåà

https://t.co/2GlH1quULa",2020-06-08 23:31:18,16,64,1347456
55,GettyMuseum,"Happy Pride.

Pride, as we know it today, grew out of the June 1969 Stonewall uprising led by activists of color Marsha P. Johnson and Sylvia Rivera.

We wave our rainbow flags in June to thank them. https://t.co/EebOiYKyfm",2020-06-08 23:31:18,16,48,1347456
56,GettyMuseum,@F1Griffin Hi! We love your re-creation and would like to talk to you about possibly including it in an upcoming Getty project. Please send us an email at offthewalls@getty.edu,2020-06-08 18:59:18,0,1,1347456
57,GettyMuseum,@InLindon Hi! We love your re-creation and would like to talk to you about possibly including it in an upcoming Getty project. Please send us an email at offthewalls@getty.edu,2020-06-08 14:56:56,0,0,1347456
58,GettyMuseum,@emmar52607791 Hi! We love your re-creation and would like to talk to you about possibly including it in an upcoming Getty project. Please send us an email at offthewalls@getty.edu,2020-06-08 14:54:56,0,0,1347456
59,GettyMuseum,@thisisfisk Hi! We love your re-creation and would like to talk to you about possibly including it in an upcoming Getty project. Please send us an email at offthewalls@getty.edu,2020-06-08 14:54:16,0,2,1347456
60,GettyMuseum,@marion_morel Hi! We love your re-creation and would like to talk to you about possibly including it in an upcoming Getty project. Please send us an email at offthewalls@getty.edu,2020-06-05 21:55:35,0,0,1347456
61,GettyMuseum,@johnfbowers @MuseumModernArt @SFMOMA @TheBroad @nytimesfashion Hi! We love your re-creation and would like to talk to you about possibly including it in an upcoming Getty project. Please send us an email at offthewalls@getty.edu,2020-06-05 21:52:53,0,1,1347456
62,GettyMuseum,@Alan_Terrell Hi! We love your re-creation and would like to talk to you about possibly including it in an upcoming Getty project. Please send us an email at offthewalls@getty.edu,2020-06-05 21:51:49,0,0,1347456
63,GettyMuseum,@Miss_Kitsch1986 Hi! We love your re-creation and would like to talk to you about possibly including it in an upcoming Getty project. Please send us an email at offthewalls@getty.edu,2020-06-05 21:51:12,0,0,1347456
64,GettyMuseum,@kennySHARKchung Hi! We love your re-creation and would like to talk to you about possibly including it in an upcoming Getty project. Please send us an email at offthewalls@getty.edu,2020-06-05 21:50:27,0,0,1347456
65,GettyMuseum,@Alcyone96 Hi! We love your re-creation and would like to talk to you about possibly including it in an upcoming Getty project. Please send us an email at offthewalls@getty.edu,2020-06-05 20:34:08,0,0,1347456
66,GettyMuseum,@davidhorvitz @whitneymuseum Hi! We love your re-creation and would like to talk to you about possibly including it in an upcoming Getty project. Please send us an email at offthewalls@getty.edu,2020-06-05 20:32:38,0,0,1347456
67,GettyMuseum,@will_hargreaves Hi! We love your re-creation and would like to talk to you about possibly including it in an upcoming Getty project. Please send us an email at offthewalls@getty.edu,2020-06-05 20:28:33,0,0,1347456
68,GettyMuseum,@PeterOrmosi Hi! We love your re-creation and would like to talk to you about possibly including it in an upcoming Getty project. Please send us an email at offthewalls@getty.edu,2020-06-05 20:27:52,0,0,1347456
69,GettyMuseum,@CyrilCunin Hi! We love your re-creation and would like to talk to you about possibly including it in an upcoming Getty project. Please send us an email at offthewalls@getty.edu,2020-06-05 20:26:23,0,0,1347456
70,GettyMuseum,@QcIllustration Hi! We love your re-creation and would like to talk to you about possibly including it in an upcoming Getty project. Please send us an email at offthewalls@getty.edu,2020-06-05 20:25:51,0,0,1347456
71,GettyMuseum,@macmilrc Hi! We love your re-creation and would like to talk to you about possibly including it in an upcoming Getty project. Please send us an email at offthewalls@getty.edu,2020-06-05 20:24:32,0,0,1347456
72,GettyMuseum,@ellen_katherine Hi! We love your re-creation and would like to talk to you about possibly including it in an upcoming Getty project. Please send us an email at offthewalls@getty.edu,2020-06-05 20:23:29,0,0,1347456
73,GettyMuseum,@petedan54 Hi! We love your re-creation and would like to talk to you about possibly including it in an upcoming Getty project. Please send us an email at offthewalls@getty.edu,2020-06-05 20:22:44,0,0,1347456
74,GettyMuseum,@MrMcHaddock Hi! We love your re-creation and would like to talk to you about possibly including it in an upcoming Getty project. Please send us an email at offthewalls@getty.edu,2020-06-05 20:20:31,0,0,1347456
75,GettyMuseum,@jeremtardiv Hi! We love your re-creation and would like to talk to you about possibly including it in an upcoming Getty project. Please send us an email at offthewalls@getty.edu,2020-06-05 20:18:20,0,0,1347456
76,GettyMuseum,@clengyujulve Hi! We love your re-creation and would like to talk to you about possibly including it in an upcoming Getty project. Please send us an email at offthewalls@getty.edu,2020-06-05 20:16:34,0,1,1347456
77,GettyMuseum,@imccaig1 Hi! We love your re-creation and would like to talk to you about possibly including it in an upcoming Getty project. Please send us an email at offthewalls@getty.edu,2020-06-05 20:14:58,0,0,1347456
78,GettyMuseum,@hollerbaam Hi! We love your re-creation and would like to talk to you about possibly including it in an upcoming Getty project. Please send us an email at offthewalls@getty.edu,2020-06-05 20:12:33,0,0,1347456
79,GettyMuseum,@AvonnaSwartz Hi! We love your re-creation and would like to talk to you about possibly including it in an upcoming Getty project. Please send us an email at offthewalls@getty.edu,2020-06-05 20:07:19,0,0,1347456
80,GettyMuseum,@oaklandian Hi! We love your re-creation and would like to talk to you about possibly including it in an upcoming Getty project. Please send us an email at offthewalls@getty.edu,2020-06-05 20:03:41,0,1,1347456
81,GettyMuseum,@Anthony5x5 Hi! We love your re-creation and would like to talk to you about possibly including it in an upcoming Getty project. Please send us an email at offthewalls@getty.edu,2020-06-05 20:02:07,0,1,1347456
82,GettyMuseum,@marion_morel Hi! We love your re-creation and would like to talk to you about possibly including it in an upcoming Getty project. Please send us an email at offthewalls@getty.edu,2020-06-05 19:59:03,0,0,1347456
83,GettyMuseum,@kikuflower @RISDMuseum Hi! We love your re-creation and would like to talk to you about possibly including it in an upcoming Getty project. Please send us an email at offthewalls@getty.edu,2020-06-05 19:57:01,0,1,1347456
84,GettyMuseum,@suzanne_moore Hi! We love this re-creation and would like to talk to you about possibly including it in an upcoming Getty project. Please send us an email at offthewalls@getty.edu,2020-06-05 15:20:34,0,0,1347456
85,GettyMuseum,@SusieBecks @FitzMuseum_UK Hi! We love this re-creation and would like to talk to you about possibly including it in an upcoming Getty project. Please send us an email at offthewalls@getty.edu,2020-06-05 15:15:30,0,2,1347456
86,GettyMuseum,@ArtHistoryYork Hi! We love this re-creation and would like to talk to you about possibly including it in an upcoming Getty project. Please send us an email at offthewalls@getty.edu,2020-06-05 15:11:28,0,2,1347456
87,GettyMuseum,@Rose57613715 Hi! We love your re-creation and would like to talk to you about possibly including it in an upcoming Getty project. Please send us an email at offthewalls@getty.edu,2020-06-05 15:08:02,0,0,1347456
88,GettyMuseum,@DebbieAxiak Hi! We love your re-creation and would like to talk to you about possibly including it in an upcoming Getty project. Please send us an email at offthewalls@getty.edu,2020-06-05 14:58:01,0,0,1347456
89,GettyMuseum,@MetzgerChristof Hi! We love your re-creation and would like to talk to you about possibly including it in an upcoming Getty project. Please send us an email at offthewalls@getty.edu,2020-06-05 14:55:26,0,0,1347456
90,GettyMuseum,@lindahubbardart Hi! We love your re-creation and would like to talk to you about possibly including it in an upcoming Getty project. Please send us an email at offthewalls@getty.edu,2020-06-05 14:51:31,0,1,1347456
91,GettyMuseum,@AnnErkenbrecher Hi! We love your recreation and would like to talk to you about possibly including it in an upcoming Getty project. Please send us an email at offthewalls@getty.edu!,2020-06-05 14:47:54,0,0,1347456
92,GettyMuseum,@EDHSArtTeach @EDAztecs_HS Hi! We love your recreation and would like to talk to you about possibly including it in an upcoming Getty project. Please send us an email at offthewalls@getty.edu!,2020-06-05 14:46:05,0,1,1347456
93,GettyMuseum,@alicelayoung @V_and_A Hi! We love your recreation and would like to talk to you about possibly including it in an upcoming Getty project. Please send us an email at offthewalls@getty.edu,2020-06-05 00:42:24,0,0,1347456
94,GettyMuseum,@mycoolwelchxox Hi! We love your recreation and would like to talk to you about possibly including it in an upcoming Getty project. Please send us an email at offthewalls@getty.edu,2020-06-05 00:40:09,0,1,1347456
95,GettyMuseum,@matt_homer Hi! We love your recreation and would like to talk to you about possibly including it in an upcoming Getty project. Please send us an email at offthewalls@getty.edu,2020-06-05 00:37:36,0,0,1347456
96,GettyMuseum,@rokajuad Hi! We love your recreation and would like to talk to you about possibly including it in an upcoming Getty project. Please send us an email at offthewalls@getty.edu,2020-06-05 00:34:01,0,0,1347456
97,GettyMuseum,@MaracasFlute Hi! We love your recreation and would like to talk to you about possibly including it in an upcoming Getty project. Please send us an email at offthewalls@getty.edu,2020-06-05 00:16:16,0,0,1347456
98,GettyMuseum,@homebabysitting Hi! We love your recreation and would like to talk to you about possibly including it in an upcoming Getty project. Please send us an email at offthewalls@getty.edu,2020-06-05 00:09:27,0,1,1347456
99,GettyMuseum,@jespider5 Hi! We love your recreation and would like to talk to you about possibly including it in an upcoming Getty project. Please send us an email at offthewalls@getty.edu,2020-06-05 00:02:24,0,1,1347456
100,GettyMuseum,@casa_malta Hi! We love your recreation and would like to talk to you about possibly including it in an upcoming Getty project. Please send us an email at offthewalls@getty.edu,2020-06-05 00:00:26,0,0,1347456
101,GettyMuseum,@Mamecia2017 @ErniefrmdaBronx Hi! We love your recreation and would like to talk to you about possibly including it in an upcoming Getty project. Please send us an email at offthewalls@getty.edu,2020-06-04 23:58:11,0,1,1347456
102,GettyMuseum,@wrn50740658 Hi! We love your recreation and would like to talk to you about possibly including it in an upcoming Getty project. Please send us an email at offthewalls@getty.edu,2020-06-04 23:55:49,0,0,1347456
103,GettyMuseum,@rokajuad Hi! We love your recreation and would like to talk to you about possibly including it in an upcoming Getty project. Please send us an email at offthewalls@getty.edu,2020-06-04 23:54:26,0,0,1347456
104,GettyMuseum,@VoiceSLPChris Hi! We love your recreation and would like to talk to you about possibly including it in an upcoming Getty project. Please send us an email at offthewalls@getty.edu,2020-06-04 23:50:58,0,0,1347456
105,GettyMuseum,@cves359 @CarterSorden Hi! We love your recreation and would like to talk to you about possibly including it in an upcoming Getty project. Please send us an email at offthewalls@getty.edu,2020-06-04 23:42:04,0,2,1347456
106,GettyMuseum,@itsme_kaylab Hi! We love your recreation and would like to talk to you about possibly including it in an upcoming Getty project. Please send us an email at offthewalls@getty.edu,2020-06-04 23:40:36,0,2,1347456
107,GettyMuseum,@JimCarruthers58 Hi! We love your recreation and would like to talk to you about possibly including it in an upcoming Getty project. Please send us an email at offthewalls@getty.edu,2020-06-04 23:39:46,0,0,1347456
108,GettyMuseum,@danniestar Hi! We love your recreation and would like to talk to you about possibly including it in an upcoming Getty project. Please send us an email at offthewalls@getty.edu,2020-06-04 23:36:56,0,1,1347456
109,GettyMuseum,@ConfluencesP Hi! We love your recreation and would like to talk to you about possibly including it in an upcoming Getty project. Please send us an email at offthewalls@getty.edu,2020-06-04 23:33:50,0,0,1347456
110,GettyMuseum,@KHSArtDirMusic @KHSWarwick Love it.,2020-06-03 03:41:36,0,1,1347456
111,GettyMuseum,"@chapps Thanks so much for taking the time to read and respond. As you note, this is just a brief statement to begin; more will follow.",2020-06-02 03:39:37,0,1,1347456
112,GettyMuseum,"@chapps Appreciate your caring enough to comment. Our president issued a new message today with an apology for yesterday‚Äôs statement. Let us know your thoughts. 

https://t.co/77Eryka5xE",2020-06-02 03:22:00,0,3,1347456
113,GettyMuseum,"‚ÄúRacism has persisted in our cities and communities for far too long. It has to stop.‚Äù

A new message from Getty president Jim Cuno: https://t.co/xjFuAmFfrL https://t.co/XsTQxJb9q7",2020-06-02 01:25:11,39,118,1347456
114,GettyMuseum,@debscavator Thanks so much for taking the time to comment. Will do so now.,2020-06-02 01:21:37,0,0,1347456
115,GettyMuseum,A message from Getty president James Cuno: https://t.co/xjFuAmFfrL https://t.co/UhyVUOTRsO,2020-06-02 01:05:35,3,25,1347456
116,GettyMuseum,@GioZappa Wonderful!,2020-06-01 14:57:01,0,0,1347456
117,GettyMuseum,"At this deeply disturbing time, our hearts go out to our beloved Los Angeles community and all those around the nation feeling the pain of this moment. 

We stand for equity &amp; fairness, and we share your hope for justice and peace for all, and a spirit of caring for one another.",2020-05-31 23:54:57,30,192,1347456
118,GettyMuseum,@Desideratist So sweet!,2020-05-30 17:29:10,0,1,1347456
119,GettyMuseum,"Agree? Disagree? Please don't come for us, we're just here to nerd out about art history.üôÇ

Full ranking justification here:

https://t.co/rPTkH27VrI",2020-05-28 19:11:35,6,29,1347456
120,GettyMuseum,"10 Disney animated films ranked by our medievalists as most to least medieval:

1. Robin Hood ü•á
2. Sword in the Stoneü•à
3. Sleeping Beauty ü•â
4. Brave
5. Hunchback of Notre Dame
6. Moana / Mulan tie
7. Emperor's New Groove
8. Aladdin
9. Black Cauldron
10. Snow White https://t.co/9CiTExiDXA",2020-05-28 19:11:35,16,48,1347456
121,GettyMuseum,"1. Robin Hood

Medieval history, both real and legendary, all set to some catchy tunes‚Äîwhat more could you ask for? Robin Hood is one of the most enduring and famous figures from medieval English folklore.

Overall ranking: üè∞üè∞üè∞üè∞üè∞ https://t.co/xWFPWlBlXl",2020-05-28 19:11:33,3,27,1347456
122,GettyMuseum,"2. The Sword in the Stone

Merlin references the London Times (founded 1785), saying it ‚Äúwon‚Äôt be out for another twelve hundred years.‚Äù Doing the math sets the film around 585. But the aesthetic evokes the High Middle Ages (about 1000‚Äì1300).

Overall ranking: üè∞üè∞üè∞üè∞1/2 https://t.co/Wu4TMgYIJZ",2020-05-28 19:11:31,1,16,1347456
123,GettyMuseum,"3. Sleeping Beauty

Sleeping Beauty is based on a tale that finds its early origins in a 14th-century romance text, filtered through the 17th-century French author Charles Perrault and, of course, the Brothers Grimm.

Overall ranking: üè∞üè∞üè∞üè∞¬Ω https://t.co/90nOYQVZda",2020-05-28 19:11:29,1,8,1347456
124,GettyMuseum,"4. Brave

Runic inscriptions, petroglyphs, and a stonehenge connect this fantasy medieval world with art and architecture that one can still explore today in Scotland, England, and elsewhere.

Overall ranking: üè∞üè∞üè∞üè∞ https://t.co/U3Tv4ILeMw",2020-05-28 19:11:28,1,7,1347456
125,GettyMuseum,"5. The Hunchback of Notre Dame

Set in late 15th-century Paris, there are plenty of medieval places, attitudes, and hierarchy. The Feast of Fools (January 6), around which the tale turns, was observed in France by people before the 16th century.

Overall ranking: üè∞üè∞üè∞¬Ω https://t.co/rhHjdkTfwe",2020-05-28 19:11:26,1,7,1347456
126,GettyMuseum,"Also 6 (a tie!) Mulan

The story of a girl who disguises herself as a soldier in her father‚Äôs stead can be read in the 31-couplet Ballad of Mulan. Given the brevity of the text, Disney took liberties to expand the content, veering into cultural parody.

Overall ranking: üè∞üè∞üè∞ https://t.co/nQ8CgslRqs",2020-05-28 19:11:24,2,6,1347456
127,GettyMuseum,"6. Moana

An archaeological look at the film suggests a date range of 1000‚Äì1500, the period when Pacific voyagers began actively sailing to Central and Eastern Polynesia.

Overall ranking: üè∞üè∞üè∞ https://t.co/Pipns3izmQ",2020-05-28 19:11:22,2,4,1347456
128,GettyMuseum,"7. The Emperor's New Groove

The Inca sovereign, but make him a llama. The Inca ruled the Andean world, which included parts of Peru, Bolivia, Ecuador, and Chile, from about the 1100s until the Spanish conquest of 1572. 

Overall ranking: üè∞üè∞¬Ω https://t.co/5XuNlFfATz",2020-05-28 19:11:20,1,6,1347456
129,GettyMuseum,"8. Aladdin

Set anywhere from the 4th to the 18th century, Disney‚Äôs culturally problematic retelling of a tale about a guy who gets the girl thanks to magical intervention.

Overall ranking: üè∞üè∞ https://t.co/DyI9JRcL4n",2020-05-28 19:11:18,2,5,1347456
130,GettyMuseum,"9. Black Cauldron

Every character is somehow the worst character in this extremely bizarre attempt at medieval worlding. The story has plenty of medieval fantasy elements, but their combination is just so weird.

Ranking: üè∞1/2 https://t.co/r52xazZMlK",2020-05-28 19:11:16,1,3,1347456
131,GettyMuseum,"10. Snow White

A surprisingly dark (casual assassination attempt, anyone?) film that‚Äôs pretty true to the Brothers Grimm original, with misogyny straight out of 1937.

Ranking: üè∞ https://t.co/NhrsWk7qIa",2020-05-28 19:11:14,1,6,1347456
132,GettyMuseum,"The Disney movie rankings are based on these 5 categories:

1. Historical references
2. Evidence of source material
3. References to art, architecture, and music from the period
4. Authentic costumes
5. Mythical or fantasy elements as seen in medieval stories and mythology",2020-05-28 19:11:12,2,6,1347456
133,GettyMuseum,"Our resident medievalists and Disney fans watched 10 iconic Disney films and ranked them from least to most medieval, for...you know...science.

https://t.co/rPTkH27VrI",2020-05-28 19:11:12,19,48,1347456
134,GettyMuseum,@ItsBrettFromLA 1863! Wow!!!,2020-05-28 19:04:55,0,1,1347456
135,GettyMuseum,"Some unsuccessful endeavors are worth the insight they bring.

The research during his 5 years of travel throughout Latin America revolutionized the study of nature‚Äîhe proposed that the world was a living whole comprised of interconnections

His 1813 book https://t.co/Heqtbp402w https://t.co/hnct54KuZQ",2020-05-28 16:51:23,8,55,1347456
136,GettyMuseum,"In 1802, German scientist-explorer Alexander von Humboldt climbed Chimborazo mountain in Ecuador. At 20,700 ft high, it was then believed to be the tallest mountain in the world.

He was forced to give up at 19,350 ft due to tough terrain. He was less than a mile from the top. https://t.co/zZebhMNkji",2020-05-28 16:51:23,22,92,1347456
137,GettyMuseum,"We may be closed to the public, but our Villa garden is in full bloom.

A guide to ancient herbs in the present day:
https://t.co/XaKf9ePwzq",2020-05-27 19:32:00,18,73,1347456
138,GettyMuseum,Mullet https://t.co/gieyF0nTc8,2020-05-27 18:53:19,9,46,1347456
139,GettyMuseum,"@pablitasan @MNDNCH @tristaaan @SarahMWaldorf Thank you for the love! If you haven't tuned in yet, we highly recommend @MontereyAq's Animal Crossing live streams on twitch!

https://t.co/jtdIfVucfx",2020-05-27 16:47:03,0,3,1347456
140,GettyMuseum,"How @PeterBrathwaite rediscovered Black portraiture in early modern Europe by participating in the #GettyMuseumChallenge

https://t.co/vWfBl7u4fJ",2020-05-27 16:40:02,75,234,1347456
141,GettyMuseum,"Explore your imagination with Getty‚Äôs most popular children‚Äôs book and a lovely read along! 

https://t.co/flugl6iJhE",2020-05-26 23:51:02,7,33,1347456
142,GettyMuseum,@ellenoaktree Wow! Beautiful work.,2020-05-26 22:01:14,0,1,1347456
143,GettyMuseum,"Thanks to our furniture historian Amanda for donating her brain to the art of Animal Crossing. Check out her writings on provenance and the museum collection:

https://t.co/p9ctBBWVhD",2020-05-26 17:58:58,2,21,1347456
144,GettyMuseum,"Search for tables, chairs, beds, and other decorative arts and sculpture in the Getty collection here: https://t.co/LETwOcgqRd https://t.co/pja0WqWXJC",2020-05-26 17:58:58,2,24,1347456
145,GettyMuseum,"And just because, special shoutout to the bed from the cute set because it reminds us of this 18th-century bed with canopy. Fun fact: for beds like these, the upholstery would be the most expensive part.

https://t.co/HJlZNGwjzn https://t.co/ipDtgxOcxg",2020-05-26 17:58:57,1,14,1347456
146,GettyMuseum,"10. Antique Table

Oh wow, what‚Äôs going on here? The legs are trestle table legs, a style that dates from the Middle Ages, but the tabletop has a modern feel to it. The design is giving me some Eames vibes for sure. An odd combination for an ‚Äúantique‚Äù table. https://t.co/wDnuK4z8cM",2020-05-26 17:58:57,2,14,1347456
147,GettyMuseum,"9. Antique Vanity

Similar to the console table, but with fewer discs on the legs. The blocky style feels 20th century. The mirror style, though, reminds us of the 1700s, when the prevalence of this table form rose as society emphasized morning ‚Äúgetting ready‚Äù rituals. https://t.co/OtWTwcTjJ6",2020-05-26 17:58:57,1,10,1347456
148,GettyMuseum,"8. Antique Console Table

Console tables usually go against a wall, so the back edge and legs aren‚Äôt as decorated. Here that‚Äôs not the case, and the tabletop molding looks like it goes all the way around. Strange. Interesting use of both knobs and a handle as drawer pulls. https://t.co/nc7fn1gV6l",2020-05-26 17:58:56,1,9,1347456
149,GettyMuseum,"7. Antique Phone

A classic wall-mounted phone, just in case you long for the days when you picked up the horn and told the operator who you want to talk to. Looks pretty early for phones ‚Äî no dial, and a hand crank to ring the bells. https://t.co/o1Mbb1Uf98",2020-05-26 17:58:56,1,10,1347456
150,GettyMuseum,"6. Antique Wardrobe

Overall form and style suggest 1800s and the cornice, moldings, and doors feel British. The hardware on the cupboard portion looks a little odd, but it‚Äôs hard to tell. Good storage option, especially in the 1800s when closets weren‚Äôt always built into houses. https://t.co/T4mZf8FgOM",2020-05-26 17:58:56,1,10,1347456
151,GettyMuseum,"5. Antique Bed

Nice matching headboard and footboard. The paneling decoration, like making three coffers in the wood, is understated, but easier to see in the lighter-wood version. Is it just us or do those pillows look awfully thin? https://t.co/AFr4VQpiLA",2020-05-26 17:58:55,0,8,1347456
152,GettyMuseum,"4. Antique Mini Table

How lovely! They‚Äôre usually called tea tables, and sometimes the top flips vertically for storage. Is that a large doily on top, or an inlaid wood pattern? Legs look funny ‚Äî like they tried graceful, curving cabriole legs but got weird right angles instead. https://t.co/v9G5qOJFV1",2020-05-26 17:58:55,0,8,1347456
153,GettyMuseum,"3. Antique Chair

A simple Queen Anne-style chair. Feels more American than English. Curving cabriole front legs ending in pad feet look okay, but vasiform splat in the middle of the chair back seems a little wide. Looks like it has a removable slip seat. https://t.co/ZPQmkgj4ax",2020-05-26 17:58:55,0,9,1347456
154,GettyMuseum,"2. Antique Bureau

Ooh how wonderful, a fall-front desk! The slanted piece opens from the top for use as a writing surface. Pulling the two knobs to either side of the long drawer reveals supports that the front rests on when down. The inset beveled panels add a nice touch. https://t.co/ZFlTbExrMx",2020-05-26 17:58:54,0,11,1347456
155,GettyMuseum,"1. Antique Clock

What a distinguished long-case clock! Subtle, classy moldings separating the parts of the case, and a simple yet elegant pediment on top. The clock dial even looks like it might show the moon phases in addition to the time. https://t.co/y1vgPotVf9",2020-05-26 17:58:54,0,16,1347456
156,GettyMuseum,"A furniture historian reacts to the antique set in Animal Crossing, from what she covets the most...to the least. https://t.co/BgxZiF4PEM",2020-05-26 17:58:54,39,127,1347456
157,GettyMuseum,@lcgarma Love it!,2020-05-25 20:21:20,0,1,1347456
158,GettyMuseum,@cristy_cuenlo @Grafikfisch Great use of props!,2020-05-25 20:19:25,0,2,1347456
159,GettyMuseum,@lety_pirronello Fantastic!,2020-05-25 20:18:25,0,0,1347456
160,GettyMuseum,@cmckeever1962 I think so üòÇ,2020-05-25 19:34:24,0,0,1347456
161,GettyMuseum,@knr123 Truly amazing!,2020-05-25 19:33:33,0,0,1347456
162,GettyMuseum,@MuseoLarco ü§©,2020-05-25 01:21:30,0,1,1347456
163,GettyMuseum,@arezoomoseni Incredible!,2020-05-25 01:20:58,0,1,1347456
164,GettyMuseum,@tencosediva 1879! Wow!,2020-05-24 21:21:05,0,1,1347456
165,GettyMuseum,@dean_frey WOW!,2020-05-24 19:59:40,0,1,1347456
166,GettyMuseum,"‚ÄúI‚Äôve recently acquired my great-grandmother‚Äôs sewing machine from the 1930s, which I use as a nightstand, but it easily converts for when I need to sew.‚Äù ‚ÄîDesiree https://t.co/BWgn4HJ0dt",2020-05-24 19:37:48,6,51,1347456
167,GettyMuseum,"‚ÄúI have this flash from the 1980s that isn't very interesting, but I love it because my grandpa gave it to me, and he apparently had a label maker‚Ä¶‚Äù  ‚ÄîSarah https://t.co/N3mYaZGvVW",2020-05-24 19:37:47,1,35,1347456
168,GettyMuseum,"""I have a black thorn shillelagh, circa 1880s. My great-great-grandfather would take my grandfather (then age 5) on walks with him through their village in Omagh, Ireland, tipping his hat in greeting with the end of his shillelagh to each person they passed."" ‚ÄîMaureen https://t.co/gbAH1xjCSI",2020-05-24 19:37:46,1,14,1347456
169,GettyMuseum,"""The oldest object I own is a Hungarian-English dictionary from 1908. It's from my great grandparents when they immigrated from Hungary."" ‚ÄîAli https://t.co/OLB6IWQxYK",2020-05-24 19:37:46,3,13,1347456
170,GettyMuseum,"‚ÄúThis is a photograph of my grandfather's high school football team in 1930, the year they won the Virginia state championship.‚Äù ‚Äî Christopher https://t.co/7SCD5uYLA6",2020-05-24 19:37:45,1,10,1347456
171,GettyMuseum,"Going back even further, this Cycladic vessel, known as a cylindrical pyxis, was once used to store jewelry. It dates to 3000‚Äì2800 B.C. https://t.co/kGd9l37rB9 https://t.co/XqYfCLTYF1",2020-05-24 19:37:45,6,17,1347456
172,GettyMuseum,"Going back further, this Carolingian reliquary from our decorative arts collection dates to the 8th century‚Äîthough some of the elements have been replaced since. https://t.co/bFDX7BXi63 https://t.co/JGo7JeI63m",2020-05-24 19:37:44,3,17,1347456
173,GettyMuseum,"At the Museum, this ‚ÄúMadonna and Child‚Äù is the oldest painting in our collection. It dates back to 1290‚Äì95. https://t.co/rUScg00h5O https://t.co/rKVPBNQgVS",2020-05-24 19:37:44,3,24,1347456
174,GettyMuseum,"Happy #ScavengerHuntDay! 

This year we‚Äôre challenging you to ‚Äúhunt‚Äù around your house and reply with the OLDEST thing you own. 

We‚Äôll start‚Ä¶ https://t.co/kQedIJ0MOo",2020-05-24 19:37:43,16,98,1347456
175,GettyMuseum,@embognuda @aallyyyyssoon Great job!!!! Thank you for sharing!,2020-05-24 02:25:36,0,2,1347456
176,GettyMuseum,"Greek and Roman glass is awesome‚Äîtell your friends. 5 ancient glassblowing techniques:

https://t.co/Q4uZFN6N5T",2020-05-23 15:35:55,20,52,1347456
177,GettyMuseum,"Think of this as an ancient mascara tube.

Tall glass tubes like this were used in antiquity to hold cosmetics. This four-chambered version was made to hold kohl. https://t.co/s4hrrjqDzr",2020-05-23 15:35:54,27,131,1347456
178,GettyMuseum,@thebeehivetree Thank you so much for your fascinating additions!üòÄ,2020-05-22 23:22:56,0,2,1347456
179,GettyMuseum,"Ever wondered what makes a building Gothic? While Gothic buildings vary in size, location, and age, there are 5 key elements you can use to identify them:  

1. Large stained glass windows
2. Pointed Arches
3. Ribbed vaults
4. Flying buttresses 
5. Ornate decoration https://t.co/qwdVKKnkxs",2020-05-22 21:03:46,18,89,1347456
180,GettyMuseum,The term ‚Äúgoth‚Äù had a negative connotation because it referred to the nomadic Germanic peoples that contributed to the fall of the Roman Empire. https://t.co/cSVGuYua3T,2020-05-22 21:03:46,5,38,1347456
181,GettyMuseum,"After the Italian Renaissance, French architecture from the Middle Ages was rebranded as ‚Äúgothic‚Äù as a way to diminish its value‚Äîcompared to Renaissance architecture. https://t.co/KYPeS3wABE",2020-05-22 21:03:44,7,20,1347456
182,GettyMuseum,"Happy #WorldGothDay! 

Why do we refer to some art and architecture of the Middle Ages as Gothic? 

[THREAD] https://t.co/2igshayt2E",2020-05-22 21:03:44,77,225,1347456
183,GettyMuseum,This one is for you @Doll_Legs! Thank you for the awesome question.,2020-05-22 19:12:34,0,5,1347456
184,GettyMuseum,"You asked us about Cupid figures and their mischief. 

Watch Getty specialists Davide &amp; Nicole unravel the story of the god of passion through art. #AskGetty

https://t.co/sJLrH2JeBj

What do *you* want to know? ask us here and we'll find out.",2020-05-22 19:11:58,5,16,1347456
185,GettyMuseum,@PookLucy @MuseumLudwig This is great! Could we repost on our channels with your permission and credit? Let us know! :),2020-05-22 18:36:58,0,0,1347456
186,GettyMuseum,"Today marks 500 years since the Toxcatl massacre. This manuscript tells the Indigenous side of the historic battle in the Aztec capital of Tenochtitlan:

https://t.co/dcyUPqz8O2",2020-05-22 18:01:21,32,52,1347456
187,GettyMuseum,"History is the best.

https://t.co/mjJSKBDNnF",2020-05-21 20:44:45,8,48,1347456
188,GettyMuseum,"Everybody should get into bonnacons. They have...

1. curly cute horns that aren't made for fighting
2. bright green manes
3. the ability to shoot streams of potent dung from their behinds that can burn anything in their path https://t.co/ejm3N1h1Ze",2020-05-21 20:44:45,22,101,1347456
189,GettyMuseum,"It's story time! 

Grab your kids, get cozy, and all eyes and ears on Bowie as she reads ‚ÄúIf‚Ä¶‚Äù by Sarah Perry."" 

https://t.co/Y02Wr2NxM4",2020-05-21 17:17:23,3,11,1347456
190,GettyMuseum,@vandavintage They are colored swatches made from phenol formaldheide (Bakelite) produced by the English company Mouldrite. The set displays all of the colors available for this material. Hopefully we‚Äôre describing what you are referencing!,2020-05-21 00:54:36,0,3,1347456
191,GettyMuseum,"They are all plastic‚Äîand are classified as historically significant plastic objects, ones we wouldn't want to lose.

Plastics shrink, distort, and disintegrate. For the last few years Getty scientists have been puzzling over how to preserve plastic:

https://t.co/VcT3Gqf4Pd",2020-05-21 00:06:32,4,40,1347456
192,GettyMuseum,"What do early LEGO sets, Disney animation cels, and the spacesuits used by the first astronauts to land on the moon have in common? https://t.co/vKItuNxX43",2020-05-21 00:06:32,12,37,1347456
193,GettyMuseum,"It‚Äôs Gemini season!

People with their sign in Gemini are typically described as curious, quick-witted, and adaptable. They‚Äôre also described as restless, moody, and easily distracted. 

Does that sound like you?  https://t.co/PNecVOwB8h https://t.co/44AQf8Zsxo",2020-05-20 16:52:56,16,65,1347456
194,GettyMuseum,"Why the fate of Millet's ""Man with a Hoe"" gripped the nation:

https://t.co/bLDZkrrcLY",2020-05-19 21:41:24,10,43,1347456
195,GettyMuseum,"Thank you @TheWebbyAwards and everyone who voted!

'Recording Artists' won a Webby for best Arts and Culture podcast. https://t.co/9zP9EvOQJc",2020-05-19 20:10:20,4,14,1347456
